OutBoundClient(name=Mike, address= 111  Toronto  ON  M5F3D2)
OutBoundClient(name=Mary, address= 107  Jacareí  SP  1230989)
OutBoundClient(name=Joan, address= 456  Markahm  ON  L6H4Y9)
OutBoundClient(name=Guilherme, address=128 Jacareí SP 12301607)
OutBoundClient(name=Guilherme, address=128 Jacareí SP 12301607)
OutBoundClient(name=Guilherme, address=128 Jacareí SP 12301607)
OutBoundClient(name=Guilherme, address=128 Jacareí SP 12301607)
OutBoundClient(name=Guilherme, address=128 Jacareí SP 12301607)
OutBoundClient(name=Guilherme, address=128 Jacareí SP 12301607)
OutBoundClient(name=Guilherme, address=128 Jacareí SP 12301607)
OutBoundClient(name=Guilherme, address=128 Jacareí SP 12301607)
OutBoundClient(name=Guilherme, address=128 Jacareí SP 12301607)
OutBoundClient(name=Guilherme, address=128 Jacareí SP 12301607)
OutBoundClient(name=Guilherme, address=128 Jacareí SP 12301607)
OutBoundClient(name=Guilherme, address=128 Jacareí SP 12301607)
OutBoundClient(name=Guilherme, address=128 Jacareí SP 12301607)
OutBoundClient(name=Guilherme, address=128 Jacareí SP 12301607)
OutBoundClient(name=Guilherme, address=128 Jacareí SP 12301607)
OutBoundClient(name=Guilherme, address=128 Jacareí SP 12301607)
OutBoundClient(name=Guilherme, address=128 Jacareí SP 12301607)
OutBoundClient(name=Guilherme, address=128 Jacareí SP 12301607)
OutBoundClient(name=Guilherme, address=128 Jacareí SP 12301607)
OutBoundClient(name=Guilherme, address=128 Jacareí SP 12301607)
OutBoundClient(name=Guilherme, address=128 Jacareí SP 12301607)
OutBoundClient(name=Guilherme, address=128 Jacareí SP 12301607)
OutBoundClient(name=Guilherme, address=128 Jacareí SP 12301607)
OutBoundClient(name=Guilherme, address=128 Jacareí SP 12301607)
OutBoundClient(name=Guilherme, address=128 Jacareí SP 12301607)
OutBoundClient(name=Guilherme, address=128 Jacareí SP 12301607)
OutBoundClient(name=Guilherme, address=128 Jacareí SP 12301607)
OutBoundClient(name=Guilherme, address=128 Jacareí SP 12301607)
OutBoundClient(name=Guilherme, address=128 Jacareí SP 12301607)
OutBoundClient(name=Guilherme, address=128 Jacareí SP 12301607)
OutBoundClient(name=Guilherme, address=128 Jacareí SP 12301607)
OutBoundClient(name=Guilherme, address=128 Jacareí SP 12301607)
OutBoundClient(name=Guilherme, address=128 Jacareí SP 12301607)
OutBoundClient(name=Guilherme, address=128 Jacareí SP 12301607)
OutBoundClient(name=Guilherme, address=128 Jacareí SP 12301607)
OutBoundClient(name=Guilherme, address=128 Jacareí SP 12301607)
OutBoundClient(name=Guilherme, address=128 Jacareí SP 12301607)
OutBoundClient(name=Guilherme, address=128 Jacareí SP 12301607)
OutBoundClient(name=Guilherme, address=128 Jacareí SP 12301607)
OutBoundClient(name=TEstetetetetete, address=128 Jacareí SP 12301607)
OutBoundClient(name=TEstetetetetete, address=128 Jacareí SP 12301607)
